domain,account_name,status
120vc.com,120VC,active
abscosolutions.com,Absco Solutions,active
adventurenannies.com,Adventure Nannies,active
agileit.com,Agile IT,active
aowireless.com,Alpha Omega Wireless,active
anchornetworksolutions.com,Anchor Network Solutions,active
anvil.partners,Anvil Partners,active
apexfacility.com,Apex Facility,active
artisancreative.com,Artisan Creative,active
ataraxispeo.com,Ataraxis PEO,active
athenaintl.com,Athena Marketing,active
attentus.tech,Attentus,active
axiompllc.com,Axiom PLLC,active
basistechnologies.com,Basis Technologies,active
bfpminc.com,Beach Front Property Management,active
binswangerglass.com,Binswanger Glass,active
bizly.com,Bizly,active
bpbtaxresolutions.com,BPB Tax Resolutions,active
bigisbig.com,Business Innovation Group LLC,active
caribbeansign.com,Caribbean Sign Supply,active
castlerockmicrowave.com,Castle Rock Microwave,active
celebritygourmet.com,Celebrity Gourmet Ventures Inc,active
clarecomputer.com,Clare Computer Solutions,active
concentre.net,Concentre,active
cptnetworks.com,CPT Network Solutions Inc,active
crunchafi.com,Crunchafi Data Extraction Inc,active
finagraph.com,Crunchafi Data Extraction Inc,active
dacocorp.com,DACO Corporation,active
hellobrigade.com,DM Accounting Services Inc dba Brigade,active
dslinc.com,DSL Ltd,active
dsl-nw.com,DSL Northwest,active
receivershipspecialists.com,EJF Real Estate Services Inc,active
eoseattle.org,EO Seattle,active
equinoxbusinesslaw.com,Equinox Business Law Group PLLC,active
garrisonmanagementgroup.com,Evolve Steel,active
exactelectric.com,Exact Electric,active
exactlelectric.com,Exact Electric,active
fikes.com,Fikes,active
fikesproducts.com,Fikes,active
franceluxe.com,France Luxe,active
frandata.com,FranData,active
frontierdoor.com,Frontier Door and Cabinet,active
fusiontechnologysolutions.com,Fusion Technology Solutions,active
fusiontek.com,FusionTek,active
fvi.edu,FVI School of Nursing and Technology,active
genesail.com,Genesail Sport Clips,active
glasshousegroup.com,Glass House Brands,active
allpointretail.com,GM Retail,active
sky-cap.com,Guardian Roofing,active
yourguardianroof.com,Guardian Roofing,active
guidantfinancial.com,Guidant,active
haleymarketing.com,Haley Marketing,active
recruiterswebsites.com,Haley Marketing,active
hatchmed.com,HatchMed,active
helton.law,Helton Law Group,active
icscomplete.com,Integris IT,active
integrisit.com,Integris IT,active
jacksonenergyco.com,Jacksons Food Stores,active
jacksons.com,Jacksons Food Stores,active
jsmda-cpa.com,Jewett Schwartz Martinez Dagen and Associates,active
dlvry.com,JLAN DSD LLC,active
wkventures.com,JLAN DSD LLC,active
fastsigns.com,Jolly Family Corp DBA FASTSIGNS,active
klcocpas.com,Kallman and Company LLP,active
kennedy.com.au,Kennedy,active
kennedyconsolidated.com,Kennedy Consolidated Asset Management,active
leresearch.com,L and E Research,active
labproinc.com,Lab Pro Inc,active
leaftechit.com,LeafTech Consulting,active
thelotisgroup.com,Lotis Environmental LLC,active
lowyyourtaxes.com,Lowys Tax Planning and Accounting,active
mainspringenergy.com,Mainspring Energy,active
matchnode.com,Matchnode,active
maxio.com,Maxio,active
menkengenerators.com,Menken Generators,active
loudrumor.com,MSP PLUS OS Inc,active
mspplus.com,MSP PLUS OS Inc,active
mspplusos.com,MSP PLUS OS Inc,active
superseats.com,Nexus Entertainment,active
nexusitc.net,Nexus IT,active
offmadisonave.com,Off Madison Ave,active
onwardsearch.com,Onward Search,active
buildplh.com,Pacific Lifestyle Homes,active
pacificlifestylehomes.com,Pacific Lifestyle Homes,active
pacrimcap.com,Pacific Rim Capital,active
advantive.com,Parity Factory Related to Advantive,active
paritycorp.com,Parity Factory Related to Advantive,active
transwestco.com,Parking and Transportation Management Services,active
pemginc.com,PE Management Group Inc,active
pilotnw.com,Pilot NW,active
psum.vc,Positive Sum,active
premiumseatsusa.com,Premium Seats USA,active
theprofitrecipe.com,Profit Recipe,active
propertyvaluationservices.net,Property Valuation Services,active
recruitics.com,Recruitics,active
rikkagroup.com,Rikka Law,active
clubpilates.com,Rivers of Fun Texas Inc dba Club Pilates Weatherford,active
rolld.com.au,Rolld Australia,active
spikeup.com,Rolld Australia,active
rpmdm.com,RPM Direct Marketing,active
rtiproperties.com,RTI Properties,active
sagacitymedia.com,Sagacity Media,active
seismic.com,Seismic,active
sendacake.com,Send A Cake,active
myshadeco.com,ShadeCo,active
techiav.com,ShadeCo,active
silersconcretecutting.com,Silers Concrete Saw Cutting and Drilling Solutions,active
skvare.com,Skvare,active
beemlightsauna.com,SLLR Enterprises LLC,active
rhino7.com,SLLR Enterprises LLC,active
socialistics.com,Socialistics,active
sfgwa.com,Sound Financial,active
stratiscope.com,Stratiscope,active
swifthrsolutions.com,Swift HR Solutions,active
tagexbrands.com,TAGeX Brands,active
technologylab.com,Technology Lab,active
teknologize.com,Teknologize,active
thegood.com,The Good Group Inc,active
thelongboardgroup.com,The Longboard Group,active
tickethq.com,TicketHQ Song Technologies,active
timberlanepartners.com,Timberlane Partners,active
timezest.com,Time Zest,active
ahp-health.com,TVS Franchising dba The Vital Stretch,active
thevitalstretch.com,TVS Franchising dba The Vital Stretch,active
vantageiras.com,Vantage IRA,active
westernchief.com,Washington Shoe Company,active
westlake-realty.com,Westlake Realty Group Inc,active
wildgravity.net,Wild Gravity,active
yogurtland.com,Yogurtland,active
yogurt-land.com,Yogurtland,active
resolvegc.com,Resolve General Construction,former
sterlitech.com,Sterlitech,former
